API,Method,Response Code,Result (according to response code),Response Time,Response Message,Response Data,Response Data Result
"
"
Description: Create campaign with correct data
http://67.225.255.186:8010/campaigns/create/,POST,201,Pass,6.146296739578247,,"{'business_gmb_cid': '10469100432931003566', 'campaign_name': 'New API Campaign', 'client_name': 'APidemotest0026', 'keywords_for_analysis': 'Red Royal Electric,American restaurant', 'campaign_id': 17971, 'business_name': 'Sqa house'}",Pass
"
"
Description: Create campaign with incorrect GMB CID
http://67.225.255.186:8010/campaigns/create/,POST,400,Fail,2.026397705078125,Bad Request,{'detail': 'Unable to create campaign!'},Pass
"
"
Description: Get single Campaign by providing campaign ID
http://67.225.255.186:8010/campaigns/17943/,GET,404,Fail,6.891543388366699,Not Found,{'detail': 'Campaign not found'},Pass
"
"
Description: Get single Campaign by providing incorrect campaign ID
http://67.225.255.186:8010/campaigns/177/,GET,404,Fail,6.981067657470703,Not Found,{'detail': 'Campaign not found'},Pass
"
"
Description: Get list of all Campaigns
http://67.225.255.186:8010/campaigns/list/all/,GET,200,Pass,6.610941410064697,,"{'items': [{'id': 17938, 'client_name': 'usman112', 'campaign_name': 'Api Campaign', 'business_name': 'Sqa house', 'selected_keywords': [{'keyword_name': 'car wash', 'count_per_click': 1.81, 'search_volume': 301000, 'overall_score': 21.0}]}, {'id': 17787, 'client_name': 'SAMI', 'campaign_name': 'Five Guys13', 'business_name': 'Five guys', 'selected_keywords': [{'keyword_name': 'fast food restaurant', 'count_per_click': 2.05, 'search_volume': 40500, 'overall_score': 16.1}, {'keyword_name': 'american restaurant', 'count_per_click': 1.0, 'search_volume': 33100, 'overall_score': 19.6}]}, {'id': 17854, 'client_name': 'SAMI', 'campaign_name': 'APITestingnew', 'business_name': 'Five guys', 'selected_keywords': [{'keyword_name': 'fast food restaurant', 'count_per_click': 1.87, 'search_volume': 49500, 'overall_score': 15.5}, {'keyword_name': 'american restaurant', 'count_per_click': 1.1, 'search_volume': 33100, 'overall_score': 19.3}]}, {'id': 17898, 'client_name': 'SAMI', 'campaign_name': 'Five Guys13', 'business_name': 'Five guys', 'selected_keywords': [{'keyword_name': 'fast food restaurant', 'count_per_click': 1.79, 'search_volume': 49500, 'overall_score': 15.9}, {'keyword_name': 'american restaurant', 'count_per_click': 1.42, 'search_volume': 33100, 'overall_score': 19.4}, {'keyword_name': 'mango', 'count_per_click': 19.04, 'search_volume': 673000, 'overall_score': 21.0}, {'keyword_name': 'siraj', 'count_per_click': 0.0, 'search_volume': 1000, 'overall_score': 21.0}, {'keyword_name': 'siraj1', 'count_per_click': 0.0, 'search_volume': 0, 'overall_score': 21.0}, {'keyword_name': 'taib pathan', 'count_per_click': None, 'search_volume': None, 'overall_score': 21.0}, {'keyword_name': 'pathan', 'count_per_click': 0.24, 'search_volume': 90500, 'overall_score': 21.0}]}, {'id': 17907, 'client_name': 'SAMI', 'campaign_name': 'Five Guys13', 'business_name': 'Five guys', 'selected_keywords': [{'keyword_name': 'fast food restaurant', 'count_per_click': 1.79, 'search_volume': 49500, 'overall_score': 16.0}, {'keyword_name': 'american restaurant', 'count_per_click': 1.42, 'search_volume': 33100, 'overall_score': 19.6}]}, {'id': 17909, 'client_name': 'SAMI', 'campaign_name': 'Five Guys13', 'business_name': 'Five guys', 'selected_keywords': [{'keyword_name': 'fast food restaurant', 'count_per_click': 1.79, 'search_volume': 49500, 'overall_score': 15.6}, {'keyword_name': 'american restaurant', 'count_per_click': 1.42, 'search_volume': 33100, 'overall_score': 19.4}]}, {'id': 17910, 'client_name': 'SAMI', 'campaign_name': 'Five Guys13', 'business_name': 'Five guys', 'selected_keywords': [{'keyword_name': 'fast food restaurant', 'count_per_click': 1.79, 'search_volume': 49500, 'overall_score': 15.6}, {'keyword_name': 'american restaurant', 'count_per_click': 1.42, 'search_volume': 33100, 'overall_score': 19.2}]}, {'id': 17911, 'client_name': 'SAMI', 'campaign_name': 'Five Guys13', 'business_name': 'Five guys', 'selected_keywords': [{'keyword_name': 'fast food restaurant', 'count_per_click': 1.79, 'search_volume': 49500, 'overall_score': 15.6}, {'keyword_name': 'american restaurant', 'count_per_click': 1.42, 'search_volume': 33100, 'overall_score': 19.3}]}, {'id': 17912, 'client_name': 'SAMI', 'campaign_name': 'Five Guys13', 'business_name': 'Five guys', 'selected_keywords': [{'keyword_name': 'fast food restaurant', 'count_per_click': 1.79, 'search_volume': 49500, 'overall_score': 15.5}]}, {'id': 17913, 'client_name': 'SAMI', 'campaign_name': 'Five Guys13', 'business_name': 'Five guys', 'selected_keywords': [{'keyword_name': 'fast food restaurant', 'count_per_click': 1.79, 'search_volume': 49500, 'overall_score': 15.7}, {'keyword_name': 'american restaurant', 'count_per_click': 1.42, 'search_volume': 33100, 'overall_score': 19.4}]}, {'id': 17914, 'client_name': 'SAMI', 'campaign_name': 'Five Guys13', 'business_name': 'Five guys', 'selected_keywords': [{'keyword_name': 'fast food restaurant', 'count_per_click': 1.79, 'search_volume': 49500, 'overall_score': 15.8}, {'keyword_name': 'american restaurant', 'count_per_click': 1.42, 'search_volume': 33100, 'overall_score': 19.9}]}, {'id': 17915, 'client_name': 'SAMI', 'campaign_name': 'Five Guys13', 'business_name': 'Five guys', 'selected_keywords': [{'keyword_name': 'fast food restaurant', 'count_per_click': 1.79, 'search_volume': 49500, 'overall_score': 16.0}, {'keyword_name': 'american restaurant', 'count_per_click': 1.42, 'search_volume': 33100, 'overall_score': 19.3}]}, {'id': 17916, 'client_name': 'SAMI', 'campaign_name': 'Five Guys13', 'business_name': 'Five guys', 'selected_keywords': [{'keyword_name': 'fast food restaurant', 'count_per_click': 1.79, 'search_volume': 49500, 'overall_score': 16.0}, {'keyword_name': 'american restaurant', 'count_per_click': 1.42, 'search_volume': 33100, 'overall_score': 19.3}]}, {'id': 17918, 'client_name': 'SAMI', 'campaign_name': 'Five Guys13', 'business_name': 'Five guys', 'selected_keywords': [{'keyword_name': 'fast food restaurant', 'count_per_click': 1.79, 'search_volume': 49500, 'overall_score': 15.5}, {'keyword_name': 'american restaurant', 'count_per_click': 1.42, 'search_volume': 33100, 'overall_score': 19.4}]}, {'id': 17919, 'client_name': 'Client_name', 'campaign_name': 'Five Guys13', 'business_name': 'Five guys', 'selected_keywords': [{'keyword_name': 'fast food restaurant', 'count_per_click': 1.79, 'search_volume': 49500, 'overall_score': 15.6}, {'keyword_name': 'american restaurant', 'count_per_click': 1.42, 'search_volume': 33100, 'overall_score': 19.3}]}, {'id': 17920, 'client_name': 'SAMI', 'campaign_name': 'Five Guys13', 'business_name': 'Five guys', 'selected_keywords': [{'keyword_name': 'fast food restaurant', 'count_per_click': 1.79, 'search_volume': 49500, 'overall_score': 15.4}, {'keyword_name': 'american restaurant', 'count_per_click': 1.42, 'search_volume': 33100, 'overall_score': 19.4}]}, {'id': 17921, 'client_name': 'Client_name125487', 'campaign_name': 'Five Guys13', 'business_name': 'Five guys', 'selected_keywords': [{'keyword_name': 'fast food restaurant', 'count_per_click': 1.79, 'search_volume': 49500, 'overall_score': 15.8}, {'keyword_name': 'american restaurant', 'count_per_click': 1.42, 'search_volume': 33100, 'overall_score': 19.7}]}, {'id': 17922, 'client_name': 'SAMI', 'campaign_name': 'Five Guys13', 'business_name': 'Five guys', 'selected_keywords': [{'keyword_name': 'fast food restaurant', 'count_per_click': 1.79, 'search_volume': 49500, 'overall_score': 15.3}, {'keyword_name': 'american restaurant', 'count_per_click': 1.42, 'search_volume': 33100, 'overall_score': 19.4}]}, {'id': 17929, 'client_name': 'SAMI', 'campaign_name': 'Five Guys13', 'business_name': 'Five guys', 'selected_keywords': [{'keyword_name': 'red royal electric', 'count_per_click': 0.0, 'search_volume': 480, 'overall_score': 21.0}, {'keyword_name': 'american restaurant', 'count_per_click': 1.42, 'search_volume': 33100, 'overall_score': 19.4}]}, {'id': 17935, 'client_name': 'SAMI', 'campaign_name': 'Five Guys13', 'business_name': 'Five guys', 'selected_keywords': [{'keyword_name': 'red royal electric', 'count_per_click': 0.0, 'search_volume': 480, 'overall_score': 21.0}, {'keyword_name': 'american restaurant', 'count_per_click': 1.42, 'search_volume': 33100, 'overall_score': 19.5}]}, {'id': 17936, 'client_name': 'SAMI', 'campaign_name': 'Five Guys13', 'business_name': 'Five guys', 'selected_keywords': [{'keyword_name': 'red royal electric', 'count_per_click': 0.0, 'search_volume': 480, 'overall_score': 21.0}, {'keyword_name': 'american restaurant', 'count_per_click': 1.42, 'search_volume': 33100, 'overall_score': 19.4}]}, {'id': 17939, 'client_name': 'usman112', 'campaign_name': 'New API Campaign', 'business_name': 'Sqa house', 'selected_keywords': [{'keyword_name': 'red royal electric', 'count_per_click': 0.0, 'search_volume': 480, 'overall_score': 21.0}, {'keyword_name': 'american restaurant', 'count_per_click': 1.42, 'search_volume': 33100, 'overall_score': 21.0}]}, {'id': 17941, 'client_name': 'usman112', 'campaign_name': 'New API Campaign', 'business_name': 'Sqa house', 'selected_keywords': [{'keyword_name': 'red royal electric', 'count_per_click': 0.0, 'search_volume': 480, 'overall_score': 21.0}, {'keyword_name': 'american restaurant', 'count_per_click': 1.42, 'search_volume': 33100, 'overall_score': 21.0}]}, {'id': 17942, 'client_name': 'usman112', 'campaign_name': 'Api Campaign', 'business_name': 'Sqa house', 'selected_keywords': [{'keyword_name': 'car wash', 'count_per_click': 1.81, 'search_volume': 301000, 'overall_score': 21.0}]}, {'id': 17944, 'client_name': 'usman112', 'campaign_name': 'Api Campaign', 'business_name': 'Sqa house', 'selected_keywords': [{'keyword_name': 'car wash', 'count_per_click': 1.81, 'search_volume': 301000, 'overall_score': 21.0}]}, {'id': 17945, 'client_name': 'usman112', 'campaign_name': 'Api Campaign', 'business_name': 'Sqa house', 'selected_keywords': [{'keyword_name': 'car wash', 'count_per_click': 1.81, 'search_volume': 301000, 'overall_score': 21.0}]}, {'id': 17946, 'client_name': 'Aimalthegreat', 'campaign_name': 'Api Campaign', 'business_name': 'Sqa house', 'selected_keywords': [{'keyword_name': 'car wash', 'count_per_click': 1.81, 'search_volume': 301000, 'overall_score': 21.0}]}, {'id': 17947, 'client_name': 'usman112', 'campaign_name': 'Api Campaign2222', 'business_name': 'Sqa house', 'selected_keywords': [{'keyword_name': 'car wash', 'count_per_click': 1.81, 'search_volume': 301000, 'overall_score': 21.0}]}, {'id': 17949, 'client_name': 'Bill1', 'campaign_name': 'Api Campaign2222', 'business_name': 'Sqa house', 'selected_keywords': [{'keyword_name': 'car wash', 'count_per_click': 1.81, 'search_volume': 301000, 'overall_score': 21.0}]}, {'id': 17950, 'client_name': 'APidemotest0026', 'campaign_name': 'New API Campaign', 'business_name': 'Sqa house', 'selected_keywords': [{'keyword_name': 'red royal electric', 'count_per_click': 0.0, 'search_volume': 480, 'overall_score': 21.0}, {'keyword_name': 'american restaurant', 'count_per_click': 1.42, 'search_volume': 33100, 'overall_score': 21.0}]}, {'id': 17951, 'client_name': 'APidemotest0026', 'campaign_name': 'New API Campaign', 'business_name': 'Sqa house', 'selected_keywords': [{'keyword_name': 'red royal electric', 'count_per_click': 0.0, 'search_volume': 480, 'overall_score': 21.0}, {'keyword_name': 'american restaurant', 'count_per_click': 1.42, 'search_volume': 33100, 'overall_score': 21.0}]}, {'id': 17952, 'client_name': 'APidemotest0026', 'campaign_name': 'New API Campaign', 'business_name': 'Sqa house', 'selected_keywords': [{'keyword_name': 'red royal electric', 'count_per_click': 0.0, 'search_volume': 480, 'overall_score': 21.0}, {'keyword_name': 'american restaurant', 'count_per_click': 1.42, 'search_volume': 33100, 'overall_score': 21.0}]}, {'id': 17966, 'client_name': 'APidemotest0026', 'campaign_name': 'New API Campaign', 'business_name': 'Sqa house', 'selected_keywords': [{'keyword_name': 'red royal electric', 'count_per_click': 0.0, 'search_volume': 480, 'overall_score': 21.0}, {'keyword_name': 'american restaurant', 'count_per_click': 1.42, 'search_volume': 33100, 'overall_score': 21.0}]}, {'id': 17967, 'client_name': 'APidemotest0026', 'campaign_name': 'New API Campaign', 'business_name': 'Sqa house', 'selected_keywords': [{'keyword_name': 'red royal electric', 'count_per_click': 0.0, 'search_volume': 480, 'overall_score': 21.0}, {'keyword_name': 'american restaurant', 'count_per_click': 1.42, 'search_volume': 33100, 'overall_score': 21.0}]}, {'id': 17968, 'client_name': 'APidemotest0026', 'campaign_name': 'New API Campaign', 'business_name': 'Sqa house', 'selected_keywords': [{'keyword_name': 'red royal electric', 'count_per_click': 0.0, 'search_volume': 480, 'overall_score': 21.0}, {'keyword_name': 'american restaurant', 'count_per_click': 1.42, 'search_volume': 33100, 'overall_score': 21.0}]}, {'id': 17969, 'client_name': 'APidemotest0026', 'campaign_name': 'New API Campaign', 'business_name': 'Sqa house', 'selected_keywords': [{'keyword_name': 'red royal electric', 'count_per_click': 0.0, 'search_volume': 480, 'overall_score': 21.0}, {'keyword_name': 'american restaurant', 'count_per_click': 1.42, 'search_volume': 33100, 'overall_score': 21.0}]}, {'id': 17970, 'client_name': 'APidemotest0026', 'campaign_name': 'New API Campaign', 'business_name': 'Sqa house', 'selected_keywords': [{'keyword_name': 'red royal electric', 'count_per_click': 0.0, 'search_volume': 480, 'overall_score': 21.0}, {'keyword_name': 'american restaurant', 'count_per_click': 1.42, 'search_volume': 33100, 'overall_score': 21.0}]}, {'id': 17971, 'client_name': 'APidemotest0026', 'campaign_name': 'New API Campaign', 'business_name': 'Sqa house', 'selected_keywords': [{'keyword_name': 'red royal electric', 'count_per_click': 0.0, 'search_volume': 480, 'overall_score': 21.0}, {'keyword_name': 'american restaurant', 'count_per_click': 1.42, 'search_volume': 33100, 'overall_score': 21.0}]}], 'total': 38, 'page': 1, 'size': 50}",Pass
"
"
Description: Delete Campaign by providing campaign ID
http://67.225.255.186:8010/campaigns/delete/17943/,DELETE,404,Fail,0.4769628047943115,Not Found,{'detail': 'Campaign not found'},Pass
"
"
Description: Delete Campaign by providing incorrect campaign ID
http://67.225.255.186:8010/campaigns/delete/1289/,DELETE,404,Fail,0.48690342903137207,Not Found,{'detail': 'Campaign not found'},Pass
"
"
Description: Delete Campaign by providing already deleted campaign ID
http://67.225.255.186:8010/campaigns/delete/17943/,DELETE,404,Fail,0.47843432426452637,Not Found,{'detail': 'Campaign not found'},Pass
"
"
Description: Create Client
http://67.225.255.186:8010/clients/create/,POST,500,Fail,0.47335195541381836,Internal Server Error,{'detail': 'Failed to create client'},Pass
"
"
Description: Create Client with already created client name
http://67.225.255.186:8010/clients/create/,POST,500,Fail,0.4726874828338623,Internal Server Error,{'detail': 'Failed to create client'},Pass
"
"
Description: Get Client by providing client ID
http://67.225.255.186:8010/clients/2753/,GET,200,Pass,0.4870266914367676,,"{'id': 2753, 'client_name': 'SAMI', 'No_of_campaigns': 18}",Pass
"
"
Description: Get Client by providing incorrect client ID
http://67.225.255.186:8010/clients/128/,GET,404,Fail,0.4888646602630615,Not Found,{'detail': 'Client not found'},Pass
"
"
Description: Get list of all Geo Gifs URLs
http://67.225.255.186:8010/geo/gifs/urls/list/,GET,200,Pass,0.50016188621521,,"{'items': [{'keyword_name': 'american restaurant', 'campaign_name': 'Five Guys13', 'geo_gifs_url': 'https://staging.brandsignals.io/media/bpm_stored_data/gif_grid_image/17787/2023-07-10/73429/gifs/american restaurant.gif', 'campaign_id': 17787}, {'keyword_name': 'fast food restaurant', 'campaign_name': 'Five Guys13', 'geo_gifs_url': 'https://staging.brandsignals.io/media/bpm_stored_data/gif_grid_image/17787/2023-07-10/73428/gifs/fast food restaurant.gif', 'campaign_id': 17787}, {'keyword_name': 'fast food restaurant', 'campaign_name': 'APITestingnew', 'geo_gifs_url': 'https://staging.brandsignals.io/media/bpm_stored_data/gif_grid_image/17854/2023-07-27/73543/gifs/fast food restaurant.gif', 'campaign_id': 17854}, {'keyword_name': 'american restaurant', 'campaign_name': 'APITestingnew', 'geo_gifs_url': 'https://staging.brandsignals.io/media/bpm_stored_data/gif_grid_image/17854/2023-07-27/73544/gifs/american restaurant.gif', 'campaign_id': 17854}, {'keyword_name': 'american restaurant', 'campaign_name': 'Five Guys13', 'geo_gifs_url': 'https://staging.brandsignals.io/media/bpm_stored_data/gif_grid_image/17898/2023-08-21/73636/gifs/american restaurant.gif', 'campaign_id': 17898}, {'keyword_name': 'fast food restaurant', 'campaign_name': 'Five Guys13', 'geo_gifs_url': 'https://staging.brandsignals.io/media/bpm_stored_data/gif_grid_image/17898/2023-08-21/73635/gifs/fast food restaurant.gif', 'campaign_id': 17898}, {'keyword_name': 'american restaurant', 'campaign_name': 'Five Guys13', 'geo_gifs_url': 'https://staging.brandsignals.io/media/bpm_stored_data/gif_grid_image/17907/2023-08-22/73647/gifs/american restaurant.gif', 'campaign_id': 17907}, {'keyword_name': 'fast food restaurant', 'campaign_name': 'Five Guys13', 'geo_gifs_url': 'https://staging.brandsignals.io/media/bpm_stored_data/gif_grid_image/17907/2023-08-22/73646/gifs/fast food restaurant.gif', 'campaign_id': 17907}, {'keyword_name': 'mango', 'campaign_name': 'APITestingnew', 'geo_gifs_url': 'https://staging.brandsignals.io/media/bpm_stored_data/gif_grid_image/17854/2023-08-22/73648/gifs/mango.gif', 'campaign_id': 17854}, {'keyword_name': 'fast food restaurant', 'campaign_name': 'Five Guys13', 'geo_gifs_url': 'https://staging.brandsignals.io/media/bpm_stored_data/gif_grid_image/17909/2023-08-22/73650/gifs/fast food restaurant.gif', 'campaign_id': 17909}, {'keyword_name': 'american restaurant', 'campaign_name': 'Five Guys13', 'geo_gifs_url': 'https://staging.brandsignals.io/media/bpm_stored_data/gif_grid_image/17909/2023-08-22/73651/gifs/american restaurant.gif', 'campaign_id': 17909}, {'keyword_name': 'american restaurant', 'campaign_name': 'Five Guys13', 'geo_gifs_url': 'https://staging.brandsignals.io/media/bpm_stored_data/gif_grid_image/17910/2023-08-22/73653/gifs/american restaurant.gif', 'campaign_id': 17910}, {'keyword_name': 'fast food restaurant', 'campaign_name': 'Five Guys13', 'geo_gifs_url': 'https://staging.brandsignals.io/media/bpm_stored_data/gif_grid_image/17910/2023-08-22/73652/gifs/fast food restaurant.gif', 'campaign_id': 17910}, {'keyword_name': 'american restaurant', 'campaign_name': 'Five Guys13', 'geo_gifs_url': 'https://staging.brandsignals.io/media/bpm_stored_data/gif_grid_image/17911/2023-08-22/73655/gifs/american restaurant.gif', 'campaign_id': 17911}, {'keyword_name': 'fast food restaurant', 'campaign_name': 'Five Guys13', 'geo_gifs_url': 'https://staging.brandsignals.io/media/bpm_stored_data/gif_grid_image/17911/2023-08-22/73654/gifs/fast food restaurant.gif', 'campaign_id': 17911}, {'keyword_name': 'american restaurant', 'campaign_name': 'Five Guys13', 'geo_gifs_url': 'https://staging.brandsignals.io/media/bpm_stored_data/gif_grid_image/17912/2023-08-22/73657/gifs/american restaurant.gif', 'campaign_id': 17912}, {'keyword_name': 'fast food restaurant', 'campaign_name': 'Five Guys13', 'geo_gifs_url': 'https://staging.brandsignals.io/media/bpm_stored_data/gif_grid_image/17912/2023-08-22/73656/gifs/fast food restaurant.gif', 'campaign_id': 17912}, {'keyword_name': 'american restaurant', 'campaign_name': 'Five Guys13', 'geo_gifs_url': 'https://staging.brandsignals.io/media/bpm_stored_data/gif_grid_image/17913/2023-08-22/73659/gifs/american restaurant.gif', 'campaign_id': 17913}, {'keyword_name': 'fast food restaurant', 'campaign_name': 'Five Guys13', 'geo_gifs_url': 'https://staging.brandsignals.io/media/bpm_stored_data/gif_grid_image/17913/2023-08-22/73658/gifs/fast food restaurant.gif', 'campaign_id': 17913}, {'keyword_name': 'fast food restaurant', 'campaign_name': 'Five Guys13', 'geo_gifs_url': 'https://staging.brandsignals.io/media/bpm_stored_data/gif_grid_image/17914/2023-08-22/73660/gifs/fast food restaurant.gif', 'campaign_id': 17914}, {'keyword_name': 'american restaurant', 'campaign_name': 'Five Guys13', 'geo_gifs_url': 'https://staging.brandsignals.io/media/bpm_stored_data/gif_grid_image/17914/2023-08-22/73661/gifs/american restaurant.gif', 'campaign_id': 17914}, {'keyword_name': 'fast food restaurant', 'campaign_name': 'Five Guys13', 'geo_gifs_url': 'https://staging.brandsignals.io/media/bpm_stored_data/gif_grid_image/17915/2023-08-22/73662/gifs/fast food restaurant.gif', 'campaign_id': 17915}, {'keyword_name': 'american restaurant', 'campaign_name': 'Five Guys13', 'geo_gifs_url': 'https://staging.brandsignals.io/media/bpm_stored_data/gif_grid_image/17915/2023-08-22/73663/gifs/american restaurant.gif', 'campaign_id': 17915}, {'keyword_name': 'fast food restaurant', 'campaign_name': 'Five Guys13', 'geo_gifs_url': 'https://staging.brandsignals.io/media/bpm_stored_data/gif_grid_image/17916/2023-08-22/73664/gifs/fast food restaurant.gif', 'campaign_id': 17916}, {'keyword_name': 'american restaurant', 'campaign_name': 'Five Guys13', 'geo_gifs_url': 'https://staging.brandsignals.io/media/bpm_stored_data/gif_grid_image/17916/2023-08-22/73665/gifs/american restaurant.gif', 'campaign_id': 17916}, {'keyword_name': 'american restaurant', 'campaign_name': 'Five Guys13', 'geo_gifs_url': 'https://staging.brandsignals.io/media/bpm_stored_data/gif_grid_image/17918/2023-08-22/73669/gifs/american restaurant.gif', 'campaign_id': 17918}, {'keyword_name': 'fast food restaurant', 'campaign_name': 'Five Guys13', 'geo_gifs_url': 'https://staging.brandsignals.io/media/bpm_stored_data/gif_grid_image/17918/2023-08-22/73668/gifs/fast food restaurant.gif', 'campaign_id': 17918}, {'keyword_name': 'fast food restaurant', 'campaign_name': 'Five Guys13', 'geo_gifs_url': 'https://staging.brandsignals.io/media/bpm_stored_data/gif_grid_image/17919/2023-08-22/73670/gifs/fast food restaurant.gif', 'campaign_id': 17919}, {'keyword_name': 'american restaurant', 'campaign_name': 'Five Guys13', 'geo_gifs_url': 'https://staging.brandsignals.io/media/bpm_stored_data/gif_grid_image/17919/2023-08-22/73671/gifs/american restaurant.gif', 'campaign_id': 17919}, {'keyword_name': 'american restaurant', 'campaign_name': 'Five Guys13', 'geo_gifs_url': 'https://staging.brandsignals.io/media/bpm_stored_data/gif_grid_image/17920/2023-08-22/73673/gifs/american restaurant.gif', 'campaign_id': 17920}, {'keyword_name': 'fast food restaurant', 'campaign_name': 'Five Guys13', 'geo_gifs_url': 'https://staging.brandsignals.io/media/bpm_stored_data/gif_grid_image/17920/2023-08-22/73672/gifs/fast food restaurant.gif', 'campaign_id': 17920}, {'keyword_name': 'american restaurant', 'campaign_name': 'Five Guys13', 'geo_gifs_url': 'https://staging.brandsignals.io/media/bpm_stored_data/gif_grid_image/17921/2023-08-22/73675/gifs/american restaurant.gif', 'campaign_id': 17921}, {'keyword_name': 'fast food restaurant', 'campaign_name': 'Five Guys13', 'geo_gifs_url': 'https://staging.brandsignals.io/media/bpm_stored_data/gif_grid_image/17921/2023-08-22/73674/gifs/fast food restaurant.gif', 'campaign_id': 17921}, {'keyword_name': 'fast food restaurant', 'campaign_name': 'Five Guys13', 'geo_gifs_url': 'https://staging.brandsignals.io/media/bpm_stored_data/gif_grid_image/17922/2023-08-22/73676/gifs/fast food restaurant.gif', 'campaign_id': 17922}, {'keyword_name': 'american restaurant', 'campaign_name': 'Five Guys13', 'geo_gifs_url': 'https://staging.brandsignals.io/media/bpm_stored_data/gif_grid_image/17922/2023-08-22/73677/gifs/american restaurant.gif', 'campaign_id': 17922}, {'keyword_name': 'mango', 'campaign_name': 'Five Guys13', 'geo_gifs_url': 'https://staging.brandsignals.io/media/bpm_stored_data/gif_grid_image/17787/2023-08-22/73678/gifs/mango.gif', 'campaign_id': 17787}, {'keyword_name': 'red royal electric', 'campaign_name': 'Five Guys13', 'geo_gifs_url': 'https://staging.brandsignals.io/media/bpm_stored_data/gif_grid_image/17929/2023-08-24/73687/gifs/red royal electric.gif', 'campaign_id': 17929}, {'keyword_name': 'american restaurant', 'campaign_name': 'Five Guys13', 'geo_gifs_url': 'https://staging.brandsignals.io/media/bpm_stored_data/gif_grid_image/17929/2023-08-24/73688/gifs/american restaurant.gif', 'campaign_id': 17929}, {'keyword_name': 'mango', 'campaign_name': 'Five Guys13', 'geo_gifs_url': 'https://staging.brandsignals.io/media/bpm_stored_data/gif_grid_image/17898/2023-08-24/73689/gifs/mango.gif', 'campaign_id': 17898}, {'keyword_name': 'siraj', 'campaign_name': 'Five Guys13', 'geo_gifs_url': 'https://staging.brandsignals.io/media/bpm_stored_data/gif_grid_image/17898/2023-08-24/73690/gifs/siraj.gif', 'campaign_id': 17898}, {'keyword_name': 'siraj1', 'campaign_name': 'Five Guys13', 'geo_gifs_url': 'https://staging.brandsignals.io/media/bpm_stored_data/gif_grid_image/17898/2023-08-24/73691/gifs/siraj1.gif', 'campaign_id': 17898}, {'keyword_name': 'taib pathan', 'campaign_name': 'Five Guys13', 'geo_gifs_url': 'https://staging.brandsignals.io/media/bpm_stored_data/gif_grid_image/17898/2023-08-24/73692/gifs/taib pathan.gif', 'campaign_id': 17898}, {'keyword_name': 'pathan', 'campaign_name': 'Five Guys13', 'geo_gifs_url': 'https://staging.brandsignals.io/media/bpm_stored_data/gif_grid_image/17898/2023-08-24/73693/gifs/pathan.gif', 'campaign_id': 17898}, {'keyword_name': 'red royal electric', 'campaign_name': 'Five Guys13', 'geo_gifs_url': 'https://staging.brandsignals.io/media/bpm_stored_data/gif_grid_image/17935/2023-08-25/73701/gifs/red royal electric.gif', 'campaign_id': 17935}, {'keyword_name': 'american restaurant', 'campaign_name': 'Five Guys13', 'geo_gifs_url': 'https://staging.brandsignals.io/media/bpm_stored_data/gif_grid_image/17935/2023-08-25/73702/gifs/american restaurant.gif', 'campaign_id': 17935}, {'keyword_name': 'red royal electric', 'campaign_name': 'Five Guys13', 'geo_gifs_url': 'https://staging.brandsignals.io/media/bpm_stored_data/gif_grid_image/17936/2023-08-25/73703/gifs/red royal electric.gif', 'campaign_id': 17936}, {'keyword_name': 'american restaurant', 'campaign_name': 'Five Guys13', 'geo_gifs_url': 'https://staging.brandsignals.io/media/bpm_stored_data/gif_grid_image/17936/2023-08-25/73704/gifs/american restaurant.gif', 'campaign_id': 17936}, {'keyword_name': 'car wash', 'campaign_name': 'Api Campaign', 'geo_gifs_url': 'https://staging.brandsignals.io/media/bpm_stored_data/gif_grid_image/17938/2023-08-25/73707/gifs/car wash.gif', 'campaign_id': 17938}, {'keyword_name': 'american restaurant', 'campaign_name': 'New API Campaign', 'geo_gifs_url': 'https://staging.brandsignals.io/media/bpm_stored_data/gif_grid_image/17939/2023-08-25/73709/gifs/american restaurant.gif', 'campaign_id': 17939}, {'keyword_name': 'red royal electric', 'campaign_name': 'New API Campaign', 'geo_gifs_url': 'https://staging.brandsignals.io/media/bpm_stored_data/gif_grid_image/17939/2023-08-25/73708/gifs/red royal electric.gif', 'campaign_id': 17939}], 'total': 79, 'page': 1, 'size': 50}",Pass
"
"
Description: Get list of Geo Gifs URLs by providing campaign ID
http://67.225.255.186:8010/geo/gifs/urls/campaign/17941,GET,200,Pass,0.7075157165527344,,"{'items': [{'keyword_name': 'red royal electric', 'campaign_name': 'New API Campaign', 'geo_gifs_url': 'https://staging.brandsignals.io/media/bpm_stored_data/gif_grid_image/17941/2023-08-25/73711/gifs/red royal electric.gif', 'campaign_id': 17941}, {'keyword_name': 'american restaurant', 'campaign_name': 'New API Campaign', 'geo_gifs_url': 'https://staging.brandsignals.io/media/bpm_stored_data/gif_grid_image/17941/2023-08-25/73712/gifs/american restaurant.gif', 'campaign_id': 17941}], 'total': 2, 'page': 1, 'size': 50}",Pass
"
"
Description: Get list of Geo Gifs URLs by providing incorrect campaign ID
http://67.225.255.186:8010/geo/gifs/urls/campaign/1205,GET,200,Pass,0.7201368808746338,,"{'items': [], 'total': 0, 'page': 1, 'size': 50}",Fail
"
"
Description: Get list of all Geo Grids URLs
http://67.225.255.186:8010/geo/grid/urls/list/all/,GET,200,Pass,2.6018800735473633,,"{'items': [{'keyword_name': 'american restaurant', 'campaign_name': 'Five Guys13', 'geo_grid_url': 'https://staging.brandsignals.io/media/bpm_stored_data/gif_grid_image/17787/2023-07-10/73429/grids/american restaurant.png', 'campaign_id': 17787}, {'keyword_name': 'fast food restaurant', 'campaign_name': 'Five Guys13', 'geo_grid_url': 'https://staging.brandsignals.io/media/bpm_stored_data/gif_grid_image/17787/2023-07-10/73428/grids/fast food restaurant.png', 'campaign_id': 17787}, {'keyword_name': 'fast food restaurant', 'campaign_name': 'APITestingnew', 'geo_grid_url': 'https://staging.brandsignals.io/media/bpm_stored_data/gif_grid_image/17854/2023-07-27/73543/grids/fast food restaurant.png', 'campaign_id': 17854}, {'keyword_name': 'american restaurant', 'campaign_name': 'APITestingnew', 'geo_grid_url': 'https://staging.brandsignals.io/media/bpm_stored_data/gif_grid_image/17854/2023-07-27/73544/grids/american restaurant.png', 'campaign_id': 17854}, {'keyword_name': 'american restaurant', 'campaign_name': 'Five Guys13', 'geo_grid_url': 'https://staging.brandsignals.io/media/bpm_stored_data/gif_grid_image/17898/2023-08-21/73636/grids/american restaurant.png', 'campaign_id': 17898}, {'keyword_name': 'fast food restaurant', 'campaign_name': 'Five Guys13', 'geo_grid_url': 'https://staging.brandsignals.io/media/bpm_stored_data/gif_grid_image/17898/2023-08-21/73635/grids/fast food restaurant.png', 'campaign_id': 17898}, {'keyword_name': 'american restaurant', 'campaign_name': 'Five Guys13', 'geo_grid_url': 'https://staging.brandsignals.io/media/bpm_stored_data/gif_grid_image/17907/2023-08-22/73647/grids/american restaurant.png', 'campaign_id': 17907}, {'keyword_name': 'fast food restaurant', 'campaign_name': 'Five Guys13', 'geo_grid_url': 'https://staging.brandsignals.io/media/bpm_stored_data/gif_grid_image/17907/2023-08-22/73646/grids/fast food restaurant.png', 'campaign_id': 17907}, {'keyword_name': 'mango', 'campaign_name': 'APITestingnew', 'geo_grid_url': 'https://staging.brandsignals.io/media/bpm_stored_data/gif_grid_image/17854/2023-08-22/73648/grids/mango.png', 'campaign_id': 17854}, {'keyword_name': 'fast food restaurant', 'campaign_name': 'Five Guys13', 'geo_grid_url': 'https://staging.brandsignals.io/media/bpm_stored_data/gif_grid_image/17909/2023-08-22/73650/grids/fast food restaurant.png', 'campaign_id': 17909}, {'keyword_name': 'american restaurant', 'campaign_name': 'Five Guys13', 'geo_grid_url': 'https://staging.brandsignals.io/media/bpm_stored_data/gif_grid_image/17909/2023-08-22/73651/grids/american restaurant.png', 'campaign_id': 17909}, {'keyword_name': 'american restaurant', 'campaign_name': 'Five Guys13', 'geo_grid_url': 'https://staging.brandsignals.io/media/bpm_stored_data/gif_grid_image/17910/2023-08-22/73653/grids/american restaurant.png', 'campaign_id': 17910}, {'keyword_name': 'fast food restaurant', 'campaign_name': 'Five Guys13', 'geo_grid_url': 'https://staging.brandsignals.io/media/bpm_stored_data/gif_grid_image/17910/2023-08-22/73652/grids/fast food restaurant.png', 'campaign_id': 17910}, {'keyword_name': 'american restaurant', 'campaign_name': 'Five Guys13', 'geo_grid_url': 'https://staging.brandsignals.io/media/bpm_stored_data/gif_grid_image/17911/2023-08-22/73655/grids/american restaurant.png', 'campaign_id': 17911}, {'keyword_name': 'fast food restaurant', 'campaign_name': 'Five Guys13', 'geo_grid_url': 'https://staging.brandsignals.io/media/bpm_stored_data/gif_grid_image/17911/2023-08-22/73654/grids/fast food restaurant.png', 'campaign_id': 17911}, {'keyword_name': 'american restaurant', 'campaign_name': 'Five Guys13', 'geo_grid_url': 'https://staging.brandsignals.io/media/bpm_stored_data/gif_grid_image/17912/2023-08-22/73657/grids/american restaurant.png', 'campaign_id': 17912}, {'keyword_name': 'fast food restaurant', 'campaign_name': 'Five Guys13', 'geo_grid_url': 'https://staging.brandsignals.io/media/bpm_stored_data/gif_grid_image/17912/2023-08-22/73656/grids/fast food restaurant.png', 'campaign_id': 17912}, {'keyword_name': 'american restaurant', 'campaign_name': 'Five Guys13', 'geo_grid_url': 'https://staging.brandsignals.io/media/bpm_stored_data/gif_grid_image/17913/2023-08-22/73659/grids/american restaurant.png', 'campaign_id': 17913}, {'keyword_name': 'fast food restaurant', 'campaign_name': 'Five Guys13', 'geo_grid_url': 'https://staging.brandsignals.io/media/bpm_stored_data/gif_grid_image/17913/2023-08-22/73658/grids/fast food restaurant.png', 'campaign_id': 17913}, {'keyword_name': 'fast food restaurant', 'campaign_name': 'Five Guys13', 'geo_grid_url': 'https://staging.brandsignals.io/media/bpm_stored_data/gif_grid_image/17914/2023-08-22/73660/grids/fast food restaurant.png', 'campaign_id': 17914}, {'keyword_name': 'american restaurant', 'campaign_name': 'Five Guys13', 'geo_grid_url': 'https://staging.brandsignals.io/media/bpm_stored_data/gif_grid_image/17914/2023-08-22/73661/grids/american restaurant.png', 'campaign_id': 17914}, {'keyword_name': 'fast food restaurant', 'campaign_name': 'Five Guys13', 'geo_grid_url': 'https://staging.brandsignals.io/media/bpm_stored_data/gif_grid_image/17915/2023-08-22/73662/grids/fast food restaurant.png', 'campaign_id': 17915}, {'keyword_name': 'american restaurant', 'campaign_name': 'Five Guys13', 'geo_grid_url': 'https://staging.brandsignals.io/media/bpm_stored_data/gif_grid_image/17915/2023-08-22/73663/grids/american restaurant.png', 'campaign_id': 17915}, {'keyword_name': 'fast food restaurant', 'campaign_name': 'Five Guys13', 'geo_grid_url': 'https://staging.brandsignals.io/media/bpm_stored_data/gif_grid_image/17916/2023-08-22/73664/grids/fast food restaurant.png', 'campaign_id': 17916}, {'keyword_name': 'american restaurant', 'campaign_name': 'Five Guys13', 'geo_grid_url': 'https://staging.brandsignals.io/media/bpm_stored_data/gif_grid_image/17916/2023-08-22/73665/grids/american restaurant.png', 'campaign_id': 17916}, {'keyword_name': 'american restaurant', 'campaign_name': 'Five Guys13', 'geo_grid_url': 'https://staging.brandsignals.io/media/bpm_stored_data/gif_grid_image/17918/2023-08-22/73669/grids/american restaurant.png', 'campaign_id': 17918}, {'keyword_name': 'fast food restaurant', 'campaign_name': 'Five Guys13', 'geo_grid_url': 'https://staging.brandsignals.io/media/bpm_stored_data/gif_grid_image/17918/2023-08-22/73668/grids/fast food restaurant.png', 'campaign_id': 17918}, {'keyword_name': 'fast food restaurant', 'campaign_name': 'Five Guys13', 'geo_grid_url': 'https://staging.brandsignals.io/media/bpm_stored_data/gif_grid_image/17919/2023-08-22/73670/grids/fast food restaurant.png', 'campaign_id': 17919}, {'keyword_name': 'american restaurant', 'campaign_name': 'Five Guys13', 'geo_grid_url': 'https://staging.brandsignals.io/media/bpm_stored_data/gif_grid_image/17919/2023-08-22/73671/grids/american restaurant.png', 'campaign_id': 17919}, {'keyword_name': 'american restaurant', 'campaign_name': 'Five Guys13', 'geo_grid_url': 'https://staging.brandsignals.io/media/bpm_stored_data/gif_grid_image/17920/2023-08-22/73673/grids/american restaurant.png', 'campaign_id': 17920}, {'keyword_name': 'fast food restaurant', 'campaign_name': 'Five Guys13', 'geo_grid_url': 'https://staging.brandsignals.io/media/bpm_stored_data/gif_grid_image/17920/2023-08-22/73672/grids/fast food restaurant.png', 'campaign_id': 17920}, {'keyword_name': 'american restaurant', 'campaign_name': 'Five Guys13', 'geo_grid_url': 'https://staging.brandsignals.io/media/bpm_stored_data/gif_grid_image/17921/2023-08-22/73675/grids/american restaurant.png', 'campaign_id': 17921}, {'keyword_name': 'fast food restaurant', 'campaign_name': 'Five Guys13', 'geo_grid_url': 'https://staging.brandsignals.io/media/bpm_stored_data/gif_grid_image/17921/2023-08-22/73674/grids/fast food restaurant.png', 'campaign_id': 17921}, {'keyword_name': 'fast food restaurant', 'campaign_name': 'Five Guys13', 'geo_grid_url': 'https://staging.brandsignals.io/media/bpm_stored_data/gif_grid_image/17922/2023-08-22/73676/grids/fast food restaurant.png', 'campaign_id': 17922}, {'keyword_name': 'american restaurant', 'campaign_name': 'Five Guys13', 'geo_grid_url': 'https://staging.brandsignals.io/media/bpm_stored_data/gif_grid_image/17922/2023-08-22/73677/grids/american restaurant.png', 'campaign_id': 17922}, {'keyword_name': 'mango', 'campaign_name': 'Five Guys13', 'geo_grid_url': 'https://staging.brandsignals.io/media/bpm_stored_data/gif_grid_image/17787/2023-08-22/73678/grids/mango.png', 'campaign_id': 17787}, {'keyword_name': 'red royal electric', 'campaign_name': 'Five Guys13', 'geo_grid_url': 'https://staging.brandsignals.io/media/bpm_stored_data/gif_grid_image/17929/2023-08-24/73687/grids/red royal electric.png', 'campaign_id': 17929}, {'keyword_name': 'american restaurant', 'campaign_name': 'Five Guys13', 'geo_grid_url': 'https://staging.brandsignals.io/media/bpm_stored_data/gif_grid_image/17929/2023-08-24/73688/grids/american restaurant.png', 'campaign_id': 17929}, {'keyword_name': 'mango', 'campaign_name': 'Five Guys13', 'geo_grid_url': 'https://staging.brandsignals.io/media/bpm_stored_data/gif_grid_image/17898/2023-08-24/73689/grids/mango.png', 'campaign_id': 17898}, {'keyword_name': 'siraj', 'campaign_name': 'Five Guys13', 'geo_grid_url': 'https://staging.brandsignals.io/media/bpm_stored_data/gif_grid_image/17898/2023-08-24/73690/grids/siraj.png', 'campaign_id': 17898}, {'keyword_name': 'siraj1', 'campaign_name': 'Five Guys13', 'geo_grid_url': 'https://staging.brandsignals.io/media/bpm_stored_data/gif_grid_image/17898/2023-08-24/73691/grids/siraj1.png', 'campaign_id': 17898}, {'keyword_name': 'taib pathan', 'campaign_name': 'Five Guys13', 'geo_grid_url': 'https://staging.brandsignals.io/media/bpm_stored_data/gif_grid_image/17898/2023-08-24/73692/grids/taib pathan.png', 'campaign_id': 17898}, {'keyword_name': 'pathan', 'campaign_name': 'Five Guys13', 'geo_grid_url': 'https://staging.brandsignals.io/media/bpm_stored_data/gif_grid_image/17898/2023-08-24/73693/grids/pathan.png', 'campaign_id': 17898}, {'keyword_name': 'red royal electric', 'campaign_name': 'Five Guys13', 'geo_grid_url': 'https://staging.brandsignals.io/media/bpm_stored_data/gif_grid_image/17935/2023-08-25/73701/grids/red royal electric.png', 'campaign_id': 17935}, {'keyword_name': 'american restaurant', 'campaign_name': 'Five Guys13', 'geo_grid_url': 'https://staging.brandsignals.io/media/bpm_stored_data/gif_grid_image/17935/2023-08-25/73702/grids/american restaurant.png', 'campaign_id': 17935}, {'keyword_name': 'red royal electric', 'campaign_name': 'Five Guys13', 'geo_grid_url': 'https://staging.brandsignals.io/media/bpm_stored_data/gif_grid_image/17936/2023-08-25/73703/grids/red royal electric.png', 'campaign_id': 17936}, {'keyword_name': 'american restaurant', 'campaign_name': 'Five Guys13', 'geo_grid_url': 'https://staging.brandsignals.io/media/bpm_stored_data/gif_grid_image/17936/2023-08-25/73704/grids/american restaurant.png', 'campaign_id': 17936}, {'keyword_name': 'car wash', 'campaign_name': 'Api Campaign', 'geo_grid_url': 'https://staging.brandsignals.io/media/bpm_stored_data/gif_grid_image/17938/2023-08-25/73707/grids/car wash.png', 'campaign_id': 17938}, {'keyword_name': 'american restaurant', 'campaign_name': 'New API Campaign', 'geo_grid_url': 'https://staging.brandsignals.io/media/bpm_stored_data/gif_grid_image/17939/2023-08-25/73709/grids/american restaurant.png', 'campaign_id': 17939}, {'keyword_name': 'red royal electric', 'campaign_name': 'New API Campaign', 'geo_grid_url': 'https://staging.brandsignals.io/media/bpm_stored_data/gif_grid_image/17939/2023-08-25/73708/grids/red royal electric.png', 'campaign_id': 17939}], 'total': 79, 'page': 1, 'size': 50}",Pass
"
"
Description: Get list of Geo Grids URLs by providing campaign ID
http://67.225.255.186:8010/geo/grid/urls/17941/,GET,200,Pass,0.49117350578308105,,"{'items': [{'keyword_name': 'red royal electric', 'campaign_name': 'New API Campaign', 'geo_grid_url': 'https://staging.brandsignals.io/media/bpm_stored_data/gif_grid_image/17941/2023-08-25/73711/grids/red royal electric.png', 'campaign_id': 17941}, {'keyword_name': 'american restaurant', 'campaign_name': 'New API Campaign', 'geo_grid_url': 'https://staging.brandsignals.io/media/bpm_stored_data/gif_grid_image/17941/2023-08-25/73712/grids/american restaurant.png', 'campaign_id': 17941}], 'total': 2, 'page': 1, 'size': 50}",Pass
"
"
Description: Get list of Geo Grids URLs by providing incorrect campaign ID
http://67.225.255.186:8010/geo/grid/urls/1496/,GET,200,Pass,0.487285852432251,,"{'items': [], 'total': 0, 'page': 1, 'size': 50}",Fail
"
"
Description: Get list of latedt Grids URLs by providing campaign ID
http://67.225.255.186:8010/geo/grid/urls/latest/17941,GET,200,Pass,0.7247657775878906,,"{'items': [{'keyword_name': 'red royal electric', 'campaign_name': 'New API Campaign', 'geo_grid_url': 'https://staging.brandsignals.io/media/bpm_stored_data/gif_grid_image/17941/2023-08-25/73711/grids/red royal electric.png', 'campaign_id': 17941}, {'keyword_name': 'american restaurant', 'campaign_name': 'New API Campaign', 'geo_grid_url': 'https://staging.brandsignals.io/media/bpm_stored_data/gif_grid_image/17941/2023-08-25/73712/grids/american restaurant.png', 'campaign_id': 17941}], 'total': 2, 'page': 1, 'size': 50}",Pass
"
"
Description: Get list of latest Grids URLs by providing incorrect campaign ID
http://67.225.255.186:8010/geo/grid/urls/latest/8573,GET,200,Pass,1.5910699367523193,,"{'items': [], 'total': 0, 'page': 1, 'size': 50}",Fail
"
"
Description: Add keyword in campaign by providing campaign id
http://67.225.255.186:8010/keyword/create/,POST,400,Fail,6.233250379562378,Bad Request,{'detail': 'Unable to add keyword. Please try again.'},Pass
"
"
Description: Add keyword which is already added in campaign by providing campaign id
http://67.225.255.186:8010/keyword/create/,POST,400,Fail,6.0879225730896,Bad Request,{'detail': 'Unable to add keyword. Please try again.'},Pass
"
"
Description: Add keyword in campaign already having 7 keywords by providing campaign id
http://67.225.255.186:8010/keyword/create/,POST,400,Fail,6.714285850524902,Bad Request,{'detail': 'Unable to add keyword. Please try again.'},Pass
"
"
Description: Delete keyword from campaign by providing campaign ID
http://67.225.255.186:8010/keyword/delete/mangoice880012/17941,DELETE,400,Fail,3.397937536239624,Bad Request,"{'detail': 'Failed to delete keyword, please try again'}",Pass
"
"
Description: Delete keyword which is already deleted from campaign by providing campaign ID
http://67.225.255.186:8010/keyword/delete/mangoice880012/17941,DELETE,400,Fail,0.7322733402252197,Bad Request,"{'detail': 'Failed to delete keyword, please try again'}",Pass
"
"
Description: Try to delete last keyword of campaign by providing campaign ID
http://67.225.255.186:8010/keyword/delete/fast food restaurant/17912,DELETE,400,Fail,0.7200419902801514,Bad Request,"{'detail': 'Failed to delete keyword, please try again'}",Pass
"
"
Description: Deauthroize business by providing campaign ID
http://67.225.255.186:8010/campaigns/business/deauthorization/17938,GET,500,Fail,0.5654566287994385,Internal Server Error,{'detail': 'Business already deauthorized!'},Pass
"
"
Description: Deauthroize business which is already deauthroize by providing campaign ID
http://67.225.255.186:8010/campaigns/business/deauthorization/17938,GET,500,Fail,0.6181936264038086,Internal Server Error,{'detail': 'Business already deauthorized!'},Pass
"
"
Description: Deauthroize business by providing incorrect campaign ID
http://67.225.255.186:8010/campaigns/business/deauthorization/17912,GET,500,Fail,0.5995345115661621,Internal Server Error,{'detail': 'Business already deauthorized!'},Pass
"
"
